 ,Label,Area,X,Y,XM,YM,Perim.,Major,Minor,Angle,Circ.,Slice,AR,Round,Solidity
1,RoiMask_0_STL22_MAX_Maria_AFA4007_8-1.tif:0001-0001-0086:c:1/2 t:1/241 - 1 - Position 8.Project Maximum Z,11.1320,5.4732,9.4771,5.4732,9.4771,14.7114,6.0724,2.3341,89.7866,0.6464,1,2.6016,0.3844,0.9159
2,RoiMask_0_STL22_MAX_Maria_AFA4007_8-1.tif:0002-0001-0070:c:1/2 t:2/241 - 1 - Position 8.Project Maximum Z,12.1968,5.4010,7.6989,5.4010,7.6989,15.4515,6.4455,2.4093,102.4905,0.6420,2,2.6752,0.3738,0.9210
3,RoiMask_0_STL22_MAX_Maria_AFA4007_8-1.tif:0003-0001-0086:c:1/2 t:3/241 - 1 - Position 8.Project Maximum Z,11.1199,5.7691,9.2894,5.7691,9.2894,14.6847,6.1464,2.3035,91.1755,0.6480,3,2.6683,0.3748,0.9464
4,RoiMask_0_STL22_MAX_Maria_AFA4007_8-1.tif:0004-0001-0108:c:1/2 t:4/241 - 1 - Position 8.Project Maximum Z,13.3100,5.3716,12.0747,5.3716,12.0747,18.2627,7.7962,2.1737,71.6118,0.5015,4,3.5865,0.2788,0.8758
5,RoiMask_0_STL22_MAX_Maria_AFA4007_8-1.tif:0005-0001-0130:c:1/2 t:5/241 - 1 - Position 8.Project Maximum Z,12.6929,4.3909,14.5637,4.3909,14.5637,18.1494,8.0191,2.0153,60.5714,0.4842,5,3.9790,0.2513,0.9000
6,RoiMask_0_STL22_MAX_Maria_AFA4007_8-1.tif:0006-0001-0127:c:1/2 t:6/241 - 1 - Position 8.Project Maximum Z,12.0879,4.6899,14.1354,4.6899,14.1354,15.9982,6.8163,2.2580,64.7304,0.5935,6,3.0188,0.3313,0.9241
7,RoiMask_0_STL22_MAX_Maria_AFA4007_8-1.tif:0007-0001-0107:c:1/2 t:7/241 - 1 - Position 8.Project Maximum Z,12.1484,5.5050,11.8260,5.5050,11.8260,16.0737,6.8452,2.2597,70.5146,0.5909,7,3.0293,0.3301,0.9418
8,RoiMask_0_STL22_MAX_Maria_AFA4007_8-1.tif:0008-0001-0077:c:1/2 t:8/241 - 1 - Position 8.Project Maximum Z,13.1285,5.9265,8.4774,5.9265,8.4774,18.7515,8.0039,2.0884,91.7989,0.4692,8,3.8325,0.2609,0.8670
9,RoiMask_0_STL22_MAX_Maria_AFA4007_8-1.tif:0009-0001-0071:c:1/2 t:9/241 - 1 - Position 8.Project Maximum Z,12.8502,5.8345,7.7998,5.8345,7.7998,17.5870,7.5039,2.1804,97.7909,0.5221,9,3.4415,0.2906,0.8737
10,RoiMask_0_STL22_MAX_Maria_AFA4007_8-1.tif:0010-0001-0088:c:1/2 t:10/241 - 1 - Position 8.Project Maximum Z,9.4501,5.9346,9.5595,5.9346,9.5595,13.5203,5.6152,2.1428,85.4810,0.6496,10,2.6205,0.3816,0.9303
11,RoiMask_0_STL22_MAX_Maria_AFA4007_8-1.tif:0011-0001-0097:c:1/2 t:11/241 - 1 - Position 8.Project Maximum Z,13.3584,5.8939,10.7646,5.8939,10.7646,16.4714,7.1177,2.3896,81.7537,0.6187,11,2.9786,0.3357,0.9273
12,RoiMask_0_STL22_MAX_Maria_AFA4007_8-1.tif:0012-0001-0105:c:1/2 t:12/241 - 1 - Position 8.Project Maximum Z,12.6687,5.6106,11.6221,5.6106,11.6221,16.8359,7.4005,2.1796,75.7082,0.5617,12,3.3953,0.2945,0.9357
13,RoiMask_0_STL22_MAX_Maria_AFA4007_8-1.tif:0013-0001-0093:c:1/2 t:13/241 - 1 - Position 8.Project Maximum Z,10.3697,5.8622,10.5312,5.8622,10.5312,13.7025,5.1569,2.5603,72.1088,0.6940,13,2.0142,0.4965,0.9195
14,RoiMask_0_STL22_MAX_Maria_AFA4007_8-1.tif:0014-0001-0074:c:1/2 t:14/241 - 1 - Position 8.Project Maximum Z,12.1484,5.8448,8.3293,5.8448,8.3293,16.9114,7.2978,2.1195,92.8051,0.5338,14,3.4432,0.2904,0.8960
15,RoiMask_0_STL22_MAX_Maria_AFA4007_8-1.tif:0015-0001-0066:c:1/2 t:15/241 - 1 - Position 8.Project Maximum Z,12.7897,5.6973,7.1889,5.6973,7.1889,17.0826,7.2576,2.2438,104.5856,0.5508,15,3.2345,0.3092,0.8646
16,RoiMask_0_STL22_MAX_Maria_AFA4007_8-1.tif:0016-0001-0089:c:1/2 t:16/241 - 1 - Position 8.Project Maximum Z,10.8537,6.0304,9.6771,6.0304,9.6771,14.9958,6.4043,2.1578,87.5501,0.6065,16,2.9680,0.3369,0.9522
17,RoiMask_0_STL22_MAX_Maria_AFA4007_8-1.tif:0017-0001-0110:c:1/2 t:17/241 - 1 - Position 8.Project Maximum Z,13.6609,5.5488,12.2847,5.5488,12.2847,19.1537,8.4752,2.0523,74.2566,0.4679,17,4.1297,0.2422,0.9319
18,RoiMask_0_STL22_MAX_Maria_AFA4007_8-1.tif:0018-0001-0103:c:1/2 t:18/241 - 1 - Position 8.Project Maximum Z,11.1804,5.7281,11.6076,5.7281,11.6076,15.1404,6.3519,2.2411,72.9361,0.6129,18,2.8342,0.3528,0.9405
19,RoiMask_0_STL22_MAX_Maria_AFA4007_8-1.tif:0019-0001-0080:c:1/2 t:19/241 - 1 - Position 8.Project Maximum Z,13.0317,6.2783,8.9633,6.2783,8.9633,17.5070,7.7327,2.1457,84.0394,0.5343,19,3.6037,0.2775,0.9162
20,RoiMask_0_STL22_MAX_Maria_AFA4007_8-1.tif:0020-0001-0068:c:1/2 t:20/241 - 1 - Position 8.Project Maximum Z,12.7655,6.0509,7.3949,6.0509,7.3949,18.4293,7.5741,2.1459,101.4156,0.4723,20,3.5295,0.2833,0.8474
21,RoiMask_0_STL22_MAX_Maria_AFA4007_8-1.tif:0021-0001-0086:c:1/2 t:21/241 - 1 - Position 8.Project Maximum Z,9.7284,6.4065,9.2232,6.4065,9.2232,13.2358,5.1854,2.3887,86.3016,0.6978,21,2.1708,0.4607,0.9498
22,RoiMask_0_STL22_MAX_Maria_AFA4007_8-1.tif:0022-0001-0113:c:1/2 t:22/241 - 1 - Position 8.Project Maximum Z,12.6687,5.7713,12.3766,5.7713,12.3766,18.2627,8.0810,1.9961,70.8165,0.4773,22,4.0485,0.2470,0.9018
23,RoiMask_0_STL22_MAX_Maria_AFA4007_8-1.tif:0023-0001-0114:c:1/2 t:23/241 - 1 - Position 8.Project Maximum Z,12.4025,5.6984,12.5307,5.6984,12.5307,17.3293,7.6832,2.0553,71.6415,0.5190,23,3.7382,0.2675,0.8964
24,RoiMask_0_STL22_MAX_Maria_AFA4007_8-1.tif:0024-0001-0089:c:1/2 t:24/241 - 1 - Position 8.Project Maximum Z,11.4708,6.4492,9.8169,6.4492,9.8169,15.5804,6.5838,2.2183,76.3166,0.5938,24,2.9679,0.3369,0.9386
25,RoiMask_0_STL22_MAX_Maria_AFA4007_8-1.tif:0025-0001-0077:c:1/2 t:25/241 - 1 - Position 8.Project Maximum Z,11.3014,6.4463,8.5239,6.4463,8.5239,15.5270,6.6622,2.1599,88.6772,0.5891,25,3.0846,0.3242,0.9157
26,RoiMask_0_STL22_MAX_Maria_AFA4007_8-1.tif:0026-0001-0081:c:1/2 t:26/241 - 1 - Position 8.Project Maximum Z,12.4751,6.4037,8.7366,6.4037,8.7366,16.1870,6.9137,2.2974,87.5915,0.5983,26,3.0093,0.3323,0.9356
27,RoiMask_0_STL22_MAX_Maria_AFA4007_8-1.tif:0027-0001-0064:c:1/2 t:27/241 - 1 - Position 8.Project Maximum Z,12.4630,5.8617,6.6967,5.8617,6.6967,17.9405,7.0469,2.2518,111.7338,0.4866,27,3.1294,0.3195,0.7762
28,RoiMask_0_STL22_MAX_Maria_AFA4007_8-1.tif:0028-0001-0074:c:1/2 t:28/241 - 1 - Position 8.Project Maximum Z,9.7284,6.2242,7.8634,6.2242,7.8634,14.0137,5.3551,2.3131,95.5510,0.6225,28,2.3151,0.4319,0.8933
29,RoiMask_0_STL22_MAX_Maria_AFA4007_8-1.tif:0029-0001-0098:c:1/2 t:29/241 - 1 - Position 8.Project Maximum Z,12.3178,6.3181,10.6537,6.3181,10.6537,17.5070,7.8400,2.0005,82.5565,0.5050,29,3.9191,0.2552,0.9146
30,RoiMask_0_STL22_MAX_Maria_AFA4007_8-1.tif:0030-0001-0112:c:1/2 t:30/241 - 1 - Position 8.Project Maximum Z,12.8139,5.7821,12.4505,5.7821,12.4505,19.4004,8.5920,1.8989,72.1357,0.4278,30,4.5248,0.2210,0.9133
31,RoiMask_0_STL22_MAX_Maria_AFA4007_8-1.tif:0031-0001-0122:c:1/2 t:31/241 - 1 - Position 8.Project Maximum Z,12.6082,5.3179,13.6209,5.3179,13.6209,19.3894,8.7258,1.8398,68.6795,0.4214,31,4.7429,0.2108,0.9221
32,RoiMask_0_STL22_MAX_Maria_AFA4007_8-1.tif:0032-0001-0114:c:1/2 t:32/241 - 1 - Position 8.Project Maximum Z,11.7128,5.3792,12.9624,5.3792,12.9624,16.6205,6.9457,2.1471,64.1077,0.5328,32,3.2349,0.3091,0.8756
33,RoiMask_0_STL22_MAX_Maria_AFA4007_8-1.tif:0033-0001-0106:c:1/2 t:33/241 - 1 - Position 8.Project Maximum Z,11.2288,6.2442,11.5926,6.2442,11.5926,14.5227,5.7774,2.4746,57.9352,0.6690,33,2.3346,0.4283,0.9197
34,RoiMask_0_STL22_MAX_Maria_AFA4007_8-1.tif:0034-0001-0098:c:1/2 t:34/241 - 1 - Position 8.Project Maximum Z,12.2694,6.7865,10.6935,6.7865,10.6935,16.4916,7.1954,2.1711,63.3608,0.5669,34,3.3142,0.3017,0.9350
35,RoiMask_0_STL22_MAX_Maria_AFA4007_8-1.tif:0035-0001-0107:c:1/2 t:35/241 - 1 - Position 8.Project Maximum Z,9.2323,6.1214,11.7127,6.1214,11.7127,12.5381,4.9433,2.3779,68.7350,0.7380,35,2.0788,0.4810,0.9431
36,RoiMask_0_STL22_MAX_Maria_AFA4007_8-1.tif:0036-0001-0126:c:1/2 t:36/241 - 1 - Position 8.Project Maximum Z,12.8744,5.2611,13.7741,5.2611,13.7741,17.0338,7.4259,2.2074,67.7004,0.5576,36,3.3640,0.2973,0.9301
37,RoiMask_0_STL22_MAX_Maria_AFA4007_8-1.tif:0037-0001-0120:c:1/2 t:37/241 - 1 - Position 8.Project Maximum Z,10.8779,5.5014,13.1307,5.5014,13.1307,14.6893,6.0696,2.2819,65.6915,0.6335,37,2.6599,0.3760,0.9053
38,RoiMask_0_STL22_MAX_Maria_AFA4007_8-1.tif:0038-0001-0110:c:1/2 t:38/241 - 1 - Position 8.Project Maximum Z,9.9099,5.8415,12.0865,5.8415,12.0865,12.1782,4.6566,2.7097,57.0803,0.8397,38,1.7185,0.5819,0.9596
39,RoiMask_0_STL22_MAX_Maria_AFA4007_8-1.tif:0039-0001-0099:c:1/2 t:39/241 - 1 - Position 8.Project Maximum Z,12.1363,5.9654,11.0445,5.9654,11.0445,15.3226,6.1811,2.5000,76.2323,0.6496,39,2.4725,0.4045,0.8872
40,RoiMask_0_STL22_MAX_Maria_AFA4007_8-1.tif:0040-0001-0093:c:1/2 t:40/241 - 1 - Position 8.Project Maximum Z,12.2936,6.0042,10.2188,6.0042,10.2188,16.0204,6.0642,2.5812,91.2338,0.6019,40,2.3494,0.4256,0.8502
41,RoiMask_0_STL22_MAX_Maria_AFA4007_8-1.tif:0041-0001-0113:c:1/2 t:41/241 - 1 - Position 8.Project Maximum Z,11.8943,6.0587,12.2390,6.0587,12.2390,16.0470,6.8124,2.2230,74.2921,0.5804,41,3.0645,0.3263,0.9077
42,RoiMask_0_STL22_MAX_Maria_AFA4007_8-1.tif:0042-0001-0114:c:1/2 t:42/241 - 1 - Position 8.Project Maximum Z,11.8217,5.8512,12.6334,5.8512,12.6334,15.4404,6.4566,2.3312,66.7121,0.6231,42,2.7696,0.3611,0.9200
43,RoiMask_0_STL22_MAX_Maria_AFA4007_8-1.tif:0043-0001-0102:c:1/2 t:43/241 - 1 - Position 8.Project Maximum Z,10.6480,5.9289,11.2513,5.9289,11.2513,13.1337,4.9639,2.7312,91.9617,0.7757,43,1.8175,0.5502,0.9534
44,RoiMask_0_STL22_MAX_Maria_AFA4007_8-1.tif:0044-0001-0064:c:1/2 t:44/241 - 1 - Position 8.Project Maximum Z,13.4310,5.3708,7.0802,5.3708,7.0802,18.5471,8.1280,2.1039,107.7559,0.4906,44,3.8632,0.2589,0.8988
45,RoiMask_0_STL22_MAX_Maria_AFA4007_8-1.tif:0045-0001-0066:c:1/2 t:45/241 - 1 - Position 8.Project Maximum Z,12.4509,5.6113,7.2435,5.6113,7.2435,15.8537,6.3879,2.4817,107.0262,0.6225,45,2.5740,0.3885,0.8821
46,RoiMask_0_STL22_MAX_Maria_AFA4007_8-1.tif:0046-0001-0075:c:1/2 t:46/241 - 1 - Position 8.Project Maximum Z,9.2807,6.2953,8.3404,6.2953,8.3404,12.3825,4.7206,2.5032,94.3524,0.7606,46,1.8858,0.5303,0.9230
47,RoiMask_0_STL22_MAX_Maria_AFA4007_8-1.tif:0047-0001-0074:c:1/2 t:47/241 - 1 - Position 8.Project Maximum Z,12.8744,5.9102,8.0160,5.9102,8.0160,15.1026,5.9135,2.7720,110.0917,0.7093,47,2.1333,0.4688,0.9040
48,RoiMask_0_STL22_MAX_Maria_AFA4007_8-1.tif:0048-0001-0061:c:1/2 t:48/241 - 1 - Position 8.Project Maximum Z,12.2331,4.8293,6.6108,4.8293,6.6108,15.5094,6.7613,2.3036,132.3884,0.6391,48,2.9350,0.3407,0.9039
49,RoiMask_0_STL22_MAX_Maria_AFA4007_8-1.tif:0049-0001-0077:c:1/2 t:49/241 - 1 - Position 8.Project Maximum Z,10.4786,5.8319,8.1589,5.8319,8.1589,13.8848,5.2819,2.5259,99.8992,0.6830,49,2.0911,0.4782,0.9068
50,RoiMask_0_STL22_MAX_Maria_AFA4007_8-1.tif:0050-0001-0115:c:1/2 t:50/241 - 1 - Position 8.Project Maximum Z,12.6687,5.4685,12.6124,5.4685,12.6124,18.3225,8.1986,1.9674,80.9614,0.4742,50,4.1671,0.2400,0.9221
51,RoiMask_0_STL22_MAX_Maria_AFA4007_8-1.tif:0051-0001-0126:c:1/2 t:51/241 - 1 - Position 8.Project Maximum Z,11.9911,5.4101,13.6577,5.4101,13.6577,16.6049,6.9593,2.1938,72.7210,0.5465,51,3.1722,0.3152,0.8731
52,RoiMask_0_STL22_MAX_Maria_AFA4007_8-1.tif:0052-0001-0109:c:1/2 t:52/241 - 1 - Position 8.Project Maximum Z,8.8693,6.0246,11.9920,6.0246,11.9920,11.8781,4.5481,2.4830,75.7156,0.7900,52,1.8317,0.5459,0.9397
53,RoiMask_0_STL22_MAX_Maria_AFA4007_8-1.tif:0053-0001-0100:c:1/2 t:53/241 - 1 - Position 8.Project Maximum Z,9.8252,5.9855,11.1557,5.9855,11.1557,12.7314,5.0605,2.4721,82.2874,0.7617,53,2.0471,0.4885,0.9366
54,RoiMask_0_STL22_MAX_Maria_AFA4007_8-1.tif:0054-0001-0095:c:1/2 t:54/241 - 1 - Position 8.Project Maximum Z,10.1519,6.0895,10.6180,6.0895,10.6180,13.3647,5.4828,2.3575,81.6413,0.7142,54,2.3257,0.4300,0.9540
55,RoiMask_0_STL22_MAX_Maria_AFA4007_8-1.tif:0055-0001-0104:c:1/2 t:55/241 - 1 - Position 8.Project Maximum Z,9.3654,6.1475,11.4697,6.1475,11.4697,11.7603,4.2983,2.7742,74.8284,0.8509,55,1.5493,0.6454,0.9579
56,RoiMask_0_STL22_MAX_Maria_AFA4007_8-1.tif:0056-0001-0116:c:1/2 t:56/241 - 1 - Position 8.Project Maximum Z,10.6843,5.4646,12.6610,5.4646,12.6610,13.7182,5.4740,2.4852,61.0594,0.7134,56,2.2027,0.4540,0.9359
57,RoiMask_0_STL22_MAX_Maria_AFA4007_8-1.tif:0057-0001-0102:c:1/2 t:57/241 - 1 - Position 8.Project Maximum Z,10.3697,5.7876,11.3183,5.7876,11.3183,13.1714,5.3084,2.4872,82.8707,0.7511,57,2.1343,0.4685,0.9624
58,RoiMask_0_STL22_MAX_Maria_AFA4007_8-1.tif:0058-0001-0071:c:1/2 t:58/241 - 1 - Position 8.Project Maximum Z,12.3662,5.8362,7.6786,5.8362,7.6786,17.6782,7.2557,2.1700,97.8877,0.4972,58,3.3436,0.2991,0.8713
59,RoiMask_0_STL22_MAX_Maria_AFA4007_8-1.tif:0059-0001-0059:c:1/2 t:59/241 - 1 - Position 8.Project Maximum Z,13.1043,5.4774,6.2587,5.4774,6.2587,17.1516,6.7847,2.4592,112.1583,0.5598,59,2.7589,0.3625,0.8629
60,RoiMask_0_STL22_MAX_Maria_AFA4007_8-1.tif:0060-0001-0068:c:1/2 t:60/241 - 1 - Position 8.Project Maximum Z,9.6437,5.9553,7.4671,5.9553,7.4671,12.6670,4.8316,2.5413,101.0275,0.7553,60,1.9012,0.5260,0.9399
61,RoiMask_0_STL22_MAX_Maria_AFA4007_8-1.tif:0061-0001-0066:c:1/2 t:61/241 - 1 - Position 8.Project Maximum Z,10.7206,6.1206,7.3365,6.1206,7.3365,13.3159,4.6502,2.9354,102.0081,0.7598,61,1.5842,0.6312,0.9317
62,RoiMask_0_STL22_MAX_Maria_AFA4007_8-1.tif:0062-0001-0067:c:1/2 t:62/241 - 1 - Position 8.Project Maximum Z,11.9669,5.7747,7.1810,5.7747,7.1810,14.0937,5.0979,2.9888,128.3077,0.7571,62,1.7057,0.5863,0.9234
63,RoiMask_0_STL22_MAX_Maria_AFA4007_8-1.tif:0063-0001-0068:c:1/2 t:63/241 - 1 - Position 8.Project Maximum Z,10.9263,5.8710,7.3188,5.8710,7.3188,12.9026,4.6880,2.9675,122.0932,0.8248,63,1.5798,0.6330,0.9387
64,RoiMask_0_STL22_MAX_Maria_AFA4007_8-1.tif:0064-0001-0075:c:1/2 t:64/241 - 1 - Position 8.Project Maximum Z,11.3619,6.4652,8.3084,6.4652,8.3084,15.5316,5.9504,2.4312,117.8667,0.5919,64,2.4475,0.4086,0.8934
65,RoiMask_0_STL22_MAX_Maria_AFA4007_8-1.tif:0065-0001-0102:c:1/2 t:65/241 - 1 - Position 8.Project Maximum Z,12.4872,6.4339,11.1215,6.4339,11.1215,17.7159,7.6198,2.0866,83.9931,0.5000,65,3.6518,0.2738,0.8654
66,RoiMask_0_STL22_MAX_Maria_AFA4007_8-1.tif:0066-0001-0087:c:1/2 t:66/241 - 1 - Position 8.Project Maximum Z,11.3861,6.5817,9.5971,6.5817,9.5971,14.2981,5.8135,2.4937,93.6617,0.6999,66,2.3312,0.4290,0.9335
67,RoiMask_0_STL22_MAX_Maria_AFA4007_8-1.tif:0067-0001-0071:c:1/2 t:67/241 - 1 - Position 8.Project Maximum Z,11.8822,5.8563,7.6991,5.8563,7.6991,14.8071,5.8381,2.5914,116.7782,0.6810,67,2.2529,0.4439,0.9160
68,RoiMask_0_STL22_MAX_Maria_AFA4007_8-1.tif:0068-0001-0059:c:1/2 t:68/241 - 1 - Position 8.Project Maximum Z,12.6445,4.9552,6.3656,4.9552,6.3656,16.3894,7.0932,2.2697,126.5972,0.5915,68,3.1252,0.3200,0.9264
69,RoiMask_0_STL22_MAX_Maria_AFA4007_8-1.tif:0069-0001-0069:c:1/2 t:69/241 - 1 - Position 8.Project Maximum Z,9.5106,5.7581,7.4583,5.7581,7.4583,12.0604,4.5221,2.6778,119.1427,0.8217,69,1.6888,0.5921,0.9510
70,RoiMask_0_STL22_MAX_Maria_AFA4007_8-1.tif:0070-0001-0097:c:1/2 t:70/241 - 1 - Position 8.Project Maximum Z,12.9228,6.2844,10.4309,6.2844,10.4309,16.9114,7.3681,2.2331,89.4890,0.5678,70,3.2995,0.3031,0.9132
71,RoiMask_0_STL22_MAX_Maria_AFA4007_8-1.tif:0071-0001-0107:c:1/2 t:71/241 - 1 - Position 8.Project Maximum Z,12.8986,6.1658,11.7275,6.1658,11.7275,16.8359,7.1928,2.2833,77.8544,0.5718,71,3.1502,0.3174,0.8806
72,RoiMask_0_STL22_MAX_Maria_AFA4007_8-1.tif:0072-0001-0102:c:1/2 t:72/241 - 1 - Position 8.Project Maximum Z,11.0957,6.4289,11.1715,6.4289,11.1715,14.5292,6.1340,2.3031,82.4164,0.6605,72,2.6633,0.3755,0.9324
73,RoiMask_0_STL22_MAX_Maria_AFA4007_8-1.tif:0073-0001-0079:c:1/2 t:73/241 - 1 - Position 8.Project Maximum Z,10.9505,6.1988,8.9561,6.1988,8.9561,14.3736,6.0060,2.3215,90.2488,0.6661,73,2.5871,0.3865,0.9398
74,RoiMask_0_STL22_MAX_Maria_AFA4007_8-1.tif:0074-0001-0057:c:1/2 t:74/241 - 1 - Position 8.Project Maximum Z,12.0516,5.6956,6.3351,5.6956,6.3351,16.4916,6.9987,2.1925,116.6719,0.5568,74,3.1922,0.3133,0.8849
75,RoiMask_0_STL22_MAX_Maria_AFA4007_8-1.tif:0075-0001-0058:c:1/2 t:75/241 - 1 - Position 8.Project Maximum Z,10.2366,5.7604,6.3593,5.7604,6.3593,13.9538,5.6870,2.2918,125.0295,0.6607,75,2.4814,0.4030,0.8976
76,RoiMask_0_STL22_MAX_Maria_AFA4007_8-1.tif:0076-0001-0065:c:1/2 t:76/241 - 1 - Position 8.Project Maximum Z,9.4743,6.0714,7.2251,6.0714,7.2251,12.6292,4.8981,2.4628,114.7608,0.7465,76,1.9888,0.5028,0.9223
77,RoiMask_0_STL22_MAX_Maria_AFA4007_8-1.tif:0077-0001-0066:c:1/2 t:77/241 - 1 - Position 8.Project Maximum Z,8.9419,5.9742,7.2508,5.9742,7.2508,12.3448,4.8641,2.3406,108.9687,0.7373,77,2.0781,0.4812,0.9349
78,RoiMask_0_STL22_MAX_Maria_AFA4007_8-1.tif:0078-0001-0081:c:1/2 t:78/241 - 1 - Position 8.Project Maximum Z,11.6644,6.2322,8.7028,6.2322,8.7028,14.7758,5.9608,2.4915,95.9631,0.6714,78,2.3924,0.4180,0.9133
79,RoiMask_0_STL22_MAX_Maria_AFA4007_8-1.tif:0079-0001-0117:c:1/2 t:79/241 - 1 - Position 8.Project Maximum Z,13.2737,5.8874,12.6597,5.8874,12.6597,18.1182,8.0061,2.1110,73.9997,0.5081,79,3.7927,0.2637,0.9096
80,RoiMask_0_STL22_MAX_Maria_AFA4007_8-1.tif:0080-0001-0115:c:1/2 t:80/241 - 1 - Position 8.Project Maximum Z,12.9470,5.7977,12.7646,5.7977,12.7646,16.2026,6.7748,2.4332,70.7703,0.6197,80,2.7842,0.3592,0.9188
81,RoiMask_0_STL22_MAX_Maria_AFA4007_8-1.tif:0081-0001-0101:c:1/2 t:81/241 - 1 - Position 8.Project Maximum Z,9.7647,6.2192,11.2314,6.2192,11.2314,12.1892,4.1845,2.9711,63.1465,0.8259,81,1.4084,0.7100,0.9400
82,RoiMask_0_STL22_MAX_Maria_AFA4007_8-1.tif:0082-0001-0095:c:1/2 t:82/241 - 1 - Position 8.Project Maximum Z,10.9384,6.2313,10.6660,6.2313,10.6660,13.4982,4.8982,2.8433,91.0035,0.7544,82,1.7227,0.5805,0.9243
83,RoiMask_0_STL22_MAX_Maria_AFA4007_8-1.tif:0083-0001-0080:c:1/2 t:83/241 - 1 - Position 8.Project Maximum Z,12.2210,6.1329,8.8648,6.1329,8.8648,16.3692,7.0394,2.2105,92.7466,0.5731,83,3.1846,0.3140,0.9317
84,RoiMask_0_STL22_MAX_Maria_AFA4007_8-1.tif:0084-0001-0073:c:1/2 t:84/241 - 1 - Position 8.Project Maximum Z,11.5313,5.7455,7.7273,5.7455,7.7273,16.4760,6.3737,2.3036,110.9917,0.5338,84,2.7669,0.3614,0.8287
85,RoiMask_0_STL22_MAX_Maria_AFA4007_8-1.tif:0085-0001-0069:c:1/2 t:85/241 - 1 - Position 8.Project Maximum Z,10.6843,5.7688,7.4262,5.7688,7.4262,14.1204,5.4106,2.5143,115.3558,0.6734,85,2.1520,0.4647,0.8799
86,RoiMask_0_STL22_MAX_Maria_AFA4007_8-1.tif:0086-0001-0076:c:1/2 t:86/241 - 1 - Position 8.Project Maximum Z,9.0871,6.1112,8.1767,6.1112,8.1767,12.2270,4.6496,2.4884,99.7440,0.7638,86,1.8685,0.5352,0.9341
87,RoiMask_0_STL22_MAX_Maria_AFA4007_8-1.tif:0087-0001-0103:c:1/2 t:87/241 - 1 - Position 8.Project Maximum Z,12.7655,5.9929,11.3096,5.9929,11.3096,16.9114,7.6287,2.1306,81.9155,0.5609,87,3.5806,0.2793,0.9415
88,RoiMask_0_STL22_MAX_Maria_AFA4007_8-1.tif:0088-0001-0107:c:1/2 t:88/241 - 1 - Position 8.Project Maximum Z,12.5719,5.8783,11.8835,5.8783,11.8835,16.2404,6.9860,2.2913,76.3377,0.5990,88,3.0489,0.3280,0.9150
89,RoiMask_0_STL22_MAX_Maria_AFA4007_8-1.tif:0089-0001-0101:c:1/2 t:89/241 - 1 - Position 8.Project Maximum Z,11.1804,6.1157,11.1419,6.1157,11.1419,14.4914,6.1647,2.3092,80.1770,0.6690,89,2.6697,0.3746,0.9347
90,RoiMask_0_STL22_MAX_Maria_AFA4007_8-1.tif:0090-0001-0096:c:1/2 t:90/241 - 1 - Position 8.Project Maximum Z,9.6921,6.1452,10.4701,6.1452,10.4701,12.7314,4.9722,2.4819,80.7912,0.7514,90,2.0034,0.4991,0.9530
91,RoiMask_0_STL22_MAX_Maria_AFA4007_8-1.tif:0091-0001-0092:c:1/2 t:91/241 - 1 - Position 8.Project Maximum Z,9.3654,6.1999,10.1018,6.1999,10.1018,12.2270,4.5935,2.5959,82.6601,0.7872,91,1.7695,0.5651,0.9433
92,RoiMask_0_STL22_MAX_Maria_AFA4007_8-1.tif:0092-0001-0101:c:1/2 t:92/241 - 1 - Position 8.Project Maximum Z,11.0836,5.8639,11.1349,5.8639,11.1349,14.2604,5.8216,2.4241,71.9031,0.6849,92,2.4016,0.4164,0.9502
93,RoiMask_0_STL22_MAX_Maria_AFA4007_8-1.tif:0093-0001-0111:c:1/2 t:93/241 - 1 - Position 8.Project Maximum Z,11.5797,5.4936,12.2242,5.4936,12.2242,14.6893,6.1084,2.4137,64.1687,0.6744,93,2.5308,0.3951,0.9341
94,RoiMask_0_STL22_MAX_Maria_AFA4007_8-1.tif:0094-0001-0108:c:1/2 t:94/241 - 1 - Position 8.Project Maximum Z,10.1398,5.5945,11.8947,5.5945,11.8947,13.7449,5.7164,2.2585,61.6105,0.6745,94,2.5310,0.3951,0.9234
95,RoiMask_0_STL22_MAX_Maria_AFA4007_8-1.tif:0095-0001-0124:c:1/2 t:95/241 - 1 - Position 8.Project Maximum Z,12.5840,5.1149,13.4431,5.1149,13.4431,16.3204,7.0078,2.2864,71.9222,0.5937,95,3.0650,0.3263,0.9208
96,RoiMask_0_STL22_MAX_Maria_AFA4007_8-1.tif:0096-0001-0117:c:1/2 t:96/241 - 1 - Position 8.Project Maximum Z,10.7690,5.1836,12.8359,5.1836,12.8359,14.4049,6.0266,2.2752,65.9348,0.6522,96,2.6489,0.3775,0.9403
97,RoiMask_0_STL22_MAX_Maria_AFA4007_8-1.tif:0097-0001-0111:c:1/2 t:97/241 - 1 - Position 8.Project Maximum Z,10.1156,5.3333,12.3143,5.3333,12.3143,13.3159,5.3731,2.3970,67.6291,0.7169,97,2.2416,0.4461,0.9336
98,RoiMask_0_STL22_MAX_Maria_AFA4007_8-1.tif:0098-0001-0110:c:1/2 t:98/241 - 1 - Position 8.Project Maximum Z,8.6394,5.5271,12.0864,5.5271,12.0864,12.4092,5.0202,2.1912,68.8420,0.7050,98,2.2911,0.4365,0.9315
99,RoiMask_0_STL22_MAX_Maria_AFA4007_8-1.tif:0099-0001-0109:c:1/2 t:99/241 - 1 - Position 8.Project Maximum Z,9.2081,5.5781,11.9748,5.5781,11.9748,12.8115,5.1546,2.2745,67.8546,0.7050,99,2.2662,0.4413,0.9332
100,RoiMask_0_STL22_MAX_Maria_AFA4007_8-1.tif:0100-0001-0103:c:1/2 t:100/241 - 1 - Position 8.Project Maximum Z,8.6999,5.8151,11.4358,5.8151,11.4358,11.7492,4.5769,2.4202,71.1141,0.7920,100,1.8911,0.5288,0.9536
101,RoiMask_0_STL22_MAX_Maria_AFA4007_8-1.tif:0101-0001-0099:c:1/2 t:101/241 - 1 - Position 8.Project Maximum Z,10.6601,5.8911,11.0599,5.8911,11.0599,13.7670,5.4707,2.4810,79.7762,0.7068,101,2.2050,0.4535,0.9288
102,RoiMask_0_STL22_MAX_Maria_AFA4007_8-1.tif:0102-0001-0101:c:1/2 t:102/241 - 1 - Position 8.Project Maximum Z,9.1718,5.9165,11.2904,5.9165,11.2904,12.3825,4.9000,2.3832,74.8869,0.7517,102,2.0561,0.4864,0.9440
103,RoiMask_0_STL22_MAX_Maria_AFA4007_8-1.tif:0103-0001-0107:c:1/2 t:103/241 - 1 - Position 8.Project Maximum Z,8.8088,5.8584,11.8406,5.8584,11.8406,11.9048,4.6164,2.4295,70.6902,0.7811,103,1.9001,0.5263,0.9424
104,RoiMask_0_STL22_MAX_Maria_AFA4007_8-1.tif:0104-0001-0111:c:1/2 t:104/241 - 1 - Position 8.Project Maximum Z,10.5028,5.8049,12.2285,5.8049,12.2285,13.0959,5.1701,2.5865,70.7365,0.7696,104,1.9989,0.5003,0.9502
105,RoiMask_0_STL22_MAX_Maria_AFA4007_8-1.tif:0105-0001-0115:c:1/2 t:105/241 - 1 - Position 8.Project Maximum Z,10.2124,5.6603,12.5635,5.6603,12.5635,13.0692,5.2439,2.4796,69.7504,0.7513,105,2.1148,0.4729,0.9430
106,RoiMask_0_STL22_MAX_Maria_AFA4007_8-1.tif:0106-0001-0115:c:1/2 t:106/241 - 1 - Position 8.Project Maximum Z,10.4423,5.6966,12.5914,5.6966,12.5914,13.4337,5.2298,2.5423,71.1880,0.7271,106,2.0571,0.4861,0.9215
107,RoiMask_0_STL22_MAX_Maria_AFA4007_8-1.tif:0107-0001-0110:c:1/2 t:107/241 - 1 - Position 8.Project Maximum Z,9.9341,5.7400,12.1368,5.7400,12.1368,12.5915,4.7630,2.6555,61.1012,0.7874,107,1.7936,0.5575,0.9383
108,RoiMask_0_STL22_MAX_Maria_AFA4007_8-1.tif:0108-0001-0107:c:1/2 t:108/241 - 1 - Position 8.Project Maximum Z,8.8209,5.9939,11.8478,5.9939,11.8478,11.6958,4.3254,2.5965,60.8507,0.8103,108,1.6658,0.6003,0.9536
109,RoiMask_0_STL22_MAX_Maria_AFA4007_8-1.tif:0109-0001-0083:c:1/2 t:109/241 - 1 - Position 8.Project Maximum Z,12.9712,6.5456,9.3679,6.5456,9.3679,16.1492,6.8765,2.4017,78.7181,0.6250,109,2.8632,0.3493,0.9214
110,RoiMask_0_STL22_MAX_Maria_AFA4007_8-1.tif:0110-0001-0093:c:1/2 t:110/241 - 1 - Position 8.Project Maximum Z,11.3619,6.4518,10.3088,6.4518,10.3088,14.0137,5.6548,2.5583,76.2518,0.7270,110,2.2104,0.4524,0.9371
111,RoiMask_0_STL22_MAX_Maria_AFA4007_8-1.tif:0111-0001-0096:c:1/2 t:111/241 - 1 - Position 8.Project Maximum Z,9.5227,6.4323,10.7072,6.4323,10.7072,12.6670,5.0038,2.4231,73.5658,0.7458,111,2.0651,0.4842,0.9386
112,RoiMask_0_STL22_MAX_Maria_AFA4007_8-1.tif:0112-0001-0109:c:1/2 t:112/241 - 1 - Position 8.Project Maximum Z,10.2487,6.2581,11.9772,6.2581,11.9772,13.5737,5.5595,2.3471,73.5586,0.6990,112,2.3686,0.4222,0.9443
113,RoiMask_0_STL22_MAX_Maria_AFA4007_8-1.tif:0113-0001-0111:c:1/2 t:113/241 - 1 - Position 8.Project Maximum Z,9.8494,6.1600,12.2236,6.1600,12.2236,13.2625,5.4362,2.3069,74.3065,0.7037,113,2.3565,0.4243,0.9471
114,RoiMask_0_STL22_MAX_Maria_AFA4007_8-1.tif:0114-0001-0123:c:1/2 t:114/241 - 1 - Position 8.Project Maximum Z,11.5192,5.7734,13.3757,5.7734,13.3757,14.9204,6.1983,2.3662,71.6668,0.6502,114,2.6195,0.3818,0.9207
115,RoiMask_0_STL22_MAX_Maria_AFA4007_8-1.tif:0115-0001-0115:c:1/2 t:115/241 - 1 - Position 8.Project Maximum Z,10.1640,5.9259,12.6418,5.9259,12.6418,12.8870,5.0947,2.5401,73.2963,0.7691,115,2.0057,0.4986,0.9438
116,RoiMask_0_STL22_MAX_Maria_AFA4007_8-1.tif:0116-0001-0109:c:1/2 t:116/241 - 1 - Position 8.Project Maximum Z,8.5547,5.9969,11.9834,5.9969,11.9834,11.3470,4.0653,2.6793,65.7363,0.8349,116,1.5173,0.6591,0.9561
117,RoiMask_0_STL22_MAX_Maria_AFA4007_8-1.tif:0117-0001-0109:c:1/2 t:117/241 - 1 - Position 8.Project Maximum Z,9.0508,6.0601,12.0451,6.0601,12.0451,11.7870,4.2698,2.6989,69.6153,0.8186,117,1.5821,0.6321,0.9474
118,RoiMask_0_STL22_MAX_Maria_AFA4007_8-1.tif:0118-0001-0117:c:1/2 t:118/241 - 1 - Position 8.Project Maximum Z,10.7448,5.8278,12.7773,5.8278,12.7773,13.4292,5.3454,2.5593,78.3082,0.7487,118,2.0886,0.4788,0.9477
119,RoiMask_0_STL22_MAX_Maria_AFA4007_8-1.tif:0119-0001-0109:c:1/2 t:119/241 - 1 - Position 8.Project Maximum Z,8.0586,5.9517,12.0594,5.9517,12.0594,10.9337,3.9260,2.6135,68.7453,0.8471,119,1.5022,0.6657,0.9480
120,RoiMask_0_STL22_MAX_Maria_AFA4007_8-1.tif:0120-0001-0101:c:1/2 t:120/241 - 1 - Position 8.Project Maximum Z,9.8615,6.0951,11.2149,6.0951,11.2149,13.0803,5.3545,2.3450,77.7646,0.7243,120,2.2834,0.4379,0.9510
121,RoiMask_0_STL22_MAX_Maria_AFA4007_8-1.tif:0121-0001-0092:c:1/2 t:121/241 - 1 - Position 8.Project Maximum Z,10.8537,6.1388,10.3226,6.1388,10.3226,14.4003,5.9620,2.3179,86.0936,0.6577,121,2.5722,0.3888,0.9153
122,RoiMask_0_STL22_MAX_Maria_AFA4007_8-1.tif:0122-0001-0102:c:1/2 t:122/241 - 1 - Position 8.Project Maximum Z,8.7483,6.1517,11.3394,6.1517,11.3394,11.5025,4.3317,2.5714,74.4392,0.8309,122,1.6846,0.5936,0.9532
123,RoiMask_0_STL22_MAX_Maria_AFA4007_8-1.tif:0123-0001-0114:c:1/2 t:123/241 - 1 - Position 8.Project Maximum Z,10.4181,6.0469,12.3922,6.0469,12.3922,13.6758,5.4147,2.4498,79.8001,0.7000,123,2.2103,0.4524,0.9430
124,RoiMask_0_STL22_MAX_Maria_AFA4007_8-1.tif:0124-0001-0106:c:1/2 t:124/241 - 1 - Position 8.Project Maximum Z,8.2764,6.1891,11.7094,6.1891,11.7094,11.0358,4.0340,2.6123,81.7039,0.8540,124,1.5442,0.6476,0.9546
125,RoiMask_0_STL22_MAX_Maria_AFA4007_8-1.tif:0125-0001-0100:c:1/2 t:125/241 - 1 - Position 8.Project Maximum Z,9.7526,6.2321,11.1347,6.2321,11.1347,12.6403,4.9142,2.5268,87.1838,0.7670,125,1.9448,0.5142,0.9471
126,RoiMask_0_STL22_MAX_Maria_AFA4007_8-1.tif:0126-0001-0093:c:1/2 t:126/241 - 1 - Position 8.Project Maximum Z,9.6316,6.3265,10.3682,6.3265,10.3682,12.9247,5.1629,2.3753,86.3726,0.7245,126,2.1736,0.4601,0.9332
127,RoiMask_0_STL22_MAX_Maria_AFA4007_8-1.tif:0127-0001-0100:c:1/2 t:127/241 - 1 - Position 8.Project Maximum Z,8.7362,6.3626,10.9697,6.3626,10.9697,11.6958,4.5052,2.4690,85.2674,0.8025,127,1.8247,0.5480,0.9413
128,RoiMask_0_STL22_MAX_Maria_AFA4007_8-1.tif:0128-0001-0103:c:1/2 t:128/241 - 1 - Position 8.Project Maximum Z,7.9618,6.3633,11.3980,6.3633,11.3980,10.7514,3.8499,2.6331,80.2522,0.8655,128,1.4621,0.6840,0.9522
129,RoiMask_0_STL22_MAX_Maria_AFA4007_8-1.tif:0129-0001-0105:c:1/2 t:129/241 - 1 - Position 8.Project Maximum Z,8.5789,6.3129,11.5955,6.3129,11.5955,11.1270,3.9496,2.7656,67.0849,0.8707,129,1.4281,0.7002,0.9542
130,RoiMask_0_STL22_MAX_Maria_AFA4007_8-1.tif:0130-0001-0107:c:1/2 t:130/241 - 1 - Position 8.Project Maximum Z,8.1191,6.3109,11.8325,6.3109,11.8325,10.8158,3.8334,2.6967,71.3079,0.8722,130,1.4215,0.7035,0.9538
131,RoiMask_0_STL22_MAX_Maria_AFA4007_8-1.tif:0131-0001-0110:c:1/2 t:131/241 - 1 - Position 8.Project Maximum Z,9.0145,6.2433,11.9495,6.2433,11.9495,11.6581,4.3012,2.6685,69.3621,0.8335,131,1.6119,0.6204,0.9545
132,RoiMask_0_STL22_MAX_Maria_AFA4007_8-1.tif:0132-0001-0107:c:1/2 t:132/241 - 1 - Position 8.Project Maximum Z,8.9540,6.2663,11.7930,6.2663,11.7930,11.3203,4.0585,2.8091,70.8754,0.8780,132,1.4448,0.6921,0.9610
133,RoiMask_0_STL22_MAX_Maria_AFA4007_8-1.tif:0133-0001-0105:c:1/2 t:133/241 - 1 - Position 8.Project Maximum Z,8.3006,6.2538,11.6047,6.2538,11.6047,10.9337,3.7246,2.8375,59.7570,0.8725,133,1.3126,0.7618,0.9482
134,RoiMask_0_STL22_MAX_Maria_AFA4007_8-1.tif:0134-0001-0106:c:1/2 t:134/241 - 1 - Position 8.Project Maximum Z,8.3853,6.1852,11.6080,6.1852,11.6080,10.9070,3.7719,2.8305,74.1285,0.8858,134,1.3326,0.7504,0.9552
135,RoiMask_0_STL22_MAX_Maria_AFA4007_8-1.tif:0135-0001-0106:c:1/2 t:135/241 - 1 - Position 8.Project Maximum Z,8.1796,6.1891,11.7023,6.1891,11.7023,10.6870,3.7669,2.7647,66.7111,0.9000,135,1.3625,0.7340,0.9582
136,RoiMask_0_STL22_MAX_Maria_AFA4007_8-1.tif:0136-0001-0108:c:1/2 t:136/241 - 1 - Position 8.Project Maximum Z,8.5910,6.1615,11.9232,6.1615,11.9232,11.1537,3.9152,2.7939,63.9107,0.8678,136,1.4013,0.7136,0.9517
137,RoiMask_0_STL22_MAX_Maria_AFA4007_8-1.tif:0137-0001-0107:c:1/2 t:137/241 - 1 - Position 8.Project Maximum Z,8.6636,6.1827,11.7763,6.1827,11.7763,11.1537,3.9484,2.7938,69.5767,0.8751,137,1.4133,0.7076,0.9572
138,RoiMask_0_STL22_MAX_Maria_AFA4007_8-1.tif:0138-0001-0107:c:1/2 t:138/241 - 1 - Position 8.Project Maximum Z,9.1113,6.2160,11.7818,6.2160,11.7818,11.4381,3.9126,2.9650,70.5764,0.8751,138,1.3196,0.7578,0.9532
139,RoiMask_0_STL22_MAX_Maria_AFA4007_8-1.tif:0139-0001-0109:c:1/2 t:139/241 - 1 - Position 8.Project Maximum Z,9.5348,6.1237,11.9180,6.1237,11.9180,11.5937,4.1211,2.9458,68.5193,0.8914,139,1.3990,0.7148,0.9610
140,RoiMask_0_STL22_MAX_Maria_AFA4007_8-1.tif:0140-0001-0107:c:1/2 t:140/241 - 1 - Position 8.Project Maximum Z,8.3490,6.0986,11.8269,6.0986,11.8269,10.9070,3.7164,2.8604,68.5985,0.8819,140,1.2993,0.7697,0.9524
141,RoiMask_0_STL22_MAX_Maria_AFA4007_8-1.tif:0141-0001-0106:c:1/2 t:141/241 - 1 - Position 8.Project Maximum Z,7.6472,6.1758,11.6878,6.1758,11.6878,10.2470,3.5912,2.7113,56.1091,0.9152,141,1.3245,0.7550,0.9598
142,RoiMask_0_STL22_MAX_Maria_AFA4007_8-1.tif:0142-0001-0107:c:1/2 t:142/241 - 1 - Position 8.Project Maximum Z,8.7120,6.1223,11.8734,6.1223,11.8734,11.0625,3.8326,2.8942,61.8885,0.8946,142,1.3242,0.7552,0.9587
143,RoiMask_0_STL22_MAX_Maria_AFA4007_8-1.tif:0143-0001-0105:c:1/2 t:143/241 - 1 - Position 8.Project Maximum Z,8.0949,6.1729,11.6522,6.1729,11.6522,10.5314,3.6729,2.8062,60.8131,0.9172,143,1.3089,0.7640,0.9612
144,RoiMask_0_STL22_MAX_Maria_AFA4007_8-1.tif:0144-0001-0105:c:1/2 t:144/241 - 1 - Position 8.Project Maximum Z,8.1433,6.1640,11.6701,6.1640,11.6701,10.8158,3.7101,2.7946,72.5492,0.8748,144,1.3276,0.7533,0.9499
145,RoiMask_0_STL22_MAX_Maria_AFA4007_8-1.tif:0145-0001-0105:c:1/2 t:145/241 - 1 - Position 8.Project Maximum Z,8.0223,6.1689,11.5781,6.1689,11.5781,10.6603,3.6372,2.8083,72.3951,0.8871,145,1.2952,0.7721,0.9546
146,RoiMask_0_STL22_MAX_Maria_AFA4007_8-1.tif:0146-0001-0105:c:1/2 t:146/241 - 1 - Position 8.Project Maximum Z,7.3931,6.2083,11.6428,6.2083,11.6428,10.1558,3.5318,2.6653,71.4011,0.9007,146,1.3251,0.7547,0.9569
147,RoiMask_0_STL22_MAX_Maria_AFA4007_8-1.tif:0147-0001-0106:c:1/2 t:147/241 - 1 - Position 8.Project Maximum Z,8.3127,6.2177,11.6394,6.2177,11.6394,10.8425,3.7297,2.8378,65.1372,0.8886,147,1.3143,0.7609,0.9542
148,RoiMask_0_STL22_MAX_Maria_AFA4007_8-1.tif:0148-0001-0107:c:1/2 t:148/241 - 1 - Position 8.Project Maximum Z,8.4216,6.1709,11.7123,6.1709,11.7123,10.9070,3.8482,2.7865,68.2541,0.8896,148,1.3810,0.7241,0.9560
149,RoiMask_0_STL22_MAX_Maria_AFA4007_8-1.tif:0149-0001-0107:c:1/2 t:149/241 - 1 - Position 8.Project Maximum Z,8.5184,6.1608,11.8080,6.1608,11.8080,11.1537,3.9509,2.7452,67.9232,0.8605,149,1.4392,0.6948,0.9514
150,RoiMask_0_STL22_MAX_Maria_AFA4007_8-1.tif:0150-0001-0105:c:1/2 t:150/241 - 1 - Position 8.Project Maximum Z,8.1675,6.3061,11.5454,6.3061,11.5454,10.5581,3.7334,2.7855,62.1442,0.9207,150,1.3403,0.7461,0.9636
151,RoiMask_0_STL22_MAX_Maria_AFA4007_8-1.tif:0151-0001-0104:c:1/2 t:151/241 - 1 - Position 8.Project Maximum Z,7.9013,6.3354,11.4756,6.3354,11.4756,10.4025,3.4914,2.8814,62.2314,0.9175,151,1.2117,0.8253,0.9561
152,RoiMask_0_STL22_MAX_Maria_AFA4007_8-1.tif:0152-0001-0105:c:1/2 t:152/241 - 1 - Position 8.Project Maximum Z,8.3853,6.3680,11.6031,6.3680,11.6031,10.8959,3.6720,2.9075,58.0340,0.8876,152,1.2629,0.7918,0.9493
153,RoiMask_0_STL22_MAX_Maria_AFA4007_8-1.tif:0153-0001-0105:c:1/2 t:153/241 - 1 - Position 8.Project Maximum Z,8.4821,6.3523,11.6365,6.3523,11.6365,10.9070,3.6346,2.9713,64.7969,0.8960,153,1.2232,0.8175,0.9544
154,RoiMask_0_STL22_MAX_Maria_AFA4007_8-1.tif:0154-0001-0104:c:1/2 t:154/241 - 1 - Position 8.Project Maximum Z,7.8408,6.3148,11.5157,6.3148,11.5157,10.5047,3.5291,2.8288,70.8673,0.8929,154,1.2476,0.8016,0.9543
155,RoiMask_0_STL22_MAX_Maria_AFA4007_8-1.tif:0155-0001-0106:c:1/2 t:155/241 - 1 - Position 8.Project Maximum Z,8.4216,6.3297,11.7123,6.3297,11.7123,10.8692,3.5713,3.0024,70.1266,0.8958,155,1.1895,0.8407,0.9482
156,RoiMask_0_STL22_MAX_Maria_AFA4007_8-1.tif:0156-0001-0103:c:1/2 t:156/241 - 1 - Position 8.Project Maximum Z,8.1433,6.3247,11.4172,6.3247,11.4172,10.5958,3.5231,2.9430,69.8982,0.9115,156,1.1971,0.8353,0.9553
157,RoiMask_0_STL22_MAX_Maria_AFA4007_8-1.tif:0157-0001-0104:c:1/2 t:157/241 - 1 - Position 8.Project Maximum Z,8.2280,6.2742,11.5168,6.2742,11.5168,10.8425,3.5875,2.9202,76.1149,0.8795,157,1.2285,0.8140,0.9497
158,RoiMask_0_STL22_MAX_Maria_AFA4007_8-1.tif:0158-0001-0104:c:1/2 t:158/241 - 1 - Position 8.Project Maximum Z,8.1796,6.2322,11.4756,6.2322,11.4756,10.7514,3.6519,2.8519,75.0518,0.8892,158,1.2805,0.7809,0.9535
159,RoiMask_0_STL22_MAX_Maria_AFA4007_8-1.tif:0159-0001-0105:c:1/2 t:159/241 - 1 - Position 8.Project Maximum Z,8.3490,6.3299,11.5092,6.3299,11.5092,10.7514,3.6347,2.9247,66.0386,0.9076,159,1.2428,0.8046,0.9583
160,RoiMask_0_STL22_MAX_Maria_AFA4007_8-1.tif:0160-0001-0106:c:1/2 t:160/241 - 1 - Position 8.Project Maximum Z,8.3732,6.2932,11.7102,6.2932,11.7102,10.7781,3.6052,2.9571,68.9684,0.9058,160,1.2192,0.8202,0.9558
161,RoiMask_0_STL22_MAX_Maria_AFA4007_8-1.tif:0161-0001-0107:c:1/2 t:161/241 - 1 - Position 8.Project Maximum Z,8.5305,6.2855,11.7111,6.2855,11.7111,10.7514,3.5633,3.0481,73.8011,0.9274,161,1.1690,0.8554,0.9611
162,RoiMask_0_STL22_MAX_Maria_AFA4007_8-1.tif:0162-0001-0106:c:1/2 t:162/241 - 1 - Position 8.Project Maximum Z,8.0707,6.3458,11.6230,6.3458,11.6230,10.5314,3.4962,2.9392,54.1237,0.9144,162,1.1895,0.8407,0.9576
163,RoiMask_0_STL22_MAX_Maria_AFA4007_8-1.tif:0163-0001-0105:c:1/2 t:163/241 - 1 - Position 8.Project Maximum Z,8.1796,6.3411,11.6237,6.3411,11.6237,10.7514,3.4881,2.9857,62.0046,0.8892,163,1.1682,0.8560,0.9474
164,RoiMask_0_STL22_MAX_Maria_AFA4007_8-1.tif:0164-0001-0106:c:1/2 t:164/241 - 1 - Position 8.Project Maximum Z,7.9860,6.3052,11.6652,6.3052,11.6652,10.5314,3.5472,2.8665,74.7066,0.9048,164,1.2375,0.8081,0.9531
165,RoiMask_0_STL22_MAX_Maria_AFA4007_8-1.tif:0165-0001-0106:c:1/2 t:165/241 - 1 - Position 8.Project Maximum Z,7.7803,6.3324,11.7117,6.3324,11.7117,10.4670,3.6140,2.7411,74.4644,0.8924,165,1.3185,0.7585,0.9519
166,RoiMask_0_STL22_MAX_Maria_AFA4007_8-1.tif:0166-0001-0107:c:1/2 t:166/241 - 1 - Position 8.Project Maximum Z,8.2280,6.3294,11.7805,6.3294,11.7805,10.7781,3.6951,2.8351,67.4097,0.8901,166,1.3033,0.7673,0.9504
167,RoiMask_0_STL22_MAX_Maria_AFA4007_8-1.tif:0167-0001-0108:c:1/2 t:167/241 - 1 - Position 8.Project Maximum Z,8.1312,6.3194,11.8491,6.3194,11.8491,10.5692,3.6741,2.8178,68.4834,0.9147,167,1.3039,0.7669,0.9641
168,RoiMask_0_STL22_MAX_Maria_AFA4007_8-1.tif:0168-0001-0106:c:1/2 t:168/241 - 1 - Position 8.Project Maximum Z,8.6636,6.2313,11.6262,6.2313,11.6262,10.8158,3.6209,3.0464,74.4216,0.9307,168,1.1886,0.8414,0.9598
169,RoiMask_0_STL22_MAX_Maria_AFA4007_8-1.tif:0169-0001-0106:c:1/2 t:169/241 - 1 - Position 8.Project Maximum Z,8.7604,6.3078,11.7062,6.3078,11.7062,10.9447,3.7037,3.0116,75.3353,0.9190,169,1.2298,0.8131,0.9628
170,RoiMask_0_STL22_MAX_Maria_AFA4007_8-1.tif:0170-0001-0105:c:1/2 t:170/241 - 1 - Position 8.Project Maximum Z,8.3853,6.2710,11.6396,6.2710,11.6396,10.7892,3.5623,2.9971,71.0024,0.9052,170,1.1886,0.8413,0.9513
171,RoiMask_0_STL22_MAX_Maria_AFA4007_8-1.tif:0171-0001-0106:c:1/2 t:171/241 - 1 - Position 8.Project Maximum Z,8.4700,6.2639,11.7007,6.2639,11.7007,10.7892,3.6786,2.9316,65.5643,0.9144,171,1.2548,0.7969,0.9655
172,RoiMask_0_STL22_MAX_Maria_AFA4007_8-1.tif:0172-0001-0105:c:1/2 t:172/241 - 1 - Position 8.Project Maximum Z,8.3248,6.3263,11.6028,6.3263,11.6028,10.7892,3.6333,2.9173,68.1395,0.8987,172,1.2454,0.8030,0.9556
173,RoiMask_0_STL22_MAX_Maria_AFA4007_8-1.tif:0173-0001-0106:c:1/2 t:173/241 - 1 - Position 8.Project Maximum Z,8.3127,6.3125,11.7260,6.3125,11.7260,10.6336,3.5935,2.9453,64.4031,0.9238,173,1.2201,0.8196,0.9642
174,RoiMask_0_STL22_MAX_Maria_AFA4007_8-1.tif:0174-0001-0107:c:1/2 t:174/241 - 1 - Position 8.Project Maximum Z,8.2401,6.3038,11.7263,6.3038,11.7263,10.6870,3.7121,2.8263,60.5255,0.9066,174,1.3134,0.7614,0.9544
175,RoiMask_0_STL22_MAX_Maria_AFA4007_8-1.tif:0175-0001-0106:c:1/2 t:175/241 - 1 - Position 8.Project Maximum Z,8.2643,6.2567,11.6862,6.2567,11.6862,10.7514,3.6753,2.8630,66.8149,0.8984,175,1.2837,0.7790,0.9586
176,RoiMask_0_STL22_MAX_Maria_AFA4007_8-1.tif:0176-0001-0107:c:1/2 t:176/241 - 1 - Position 8.Project Maximum Z,8.3974,6.2865,11.7860,6.2865,11.7860,10.7514,3.6777,2.9072,68.1135,0.9129,176,1.2650,0.7905,0.9579
177,RoiMask_0_STL22_MAX_Maria_AFA4007_8-1.tif:0177-0001-0107:c:1/2 t:177/241 - 1 - Position 8.Project Maximum Z,8.1554,6.3273,11.8070,6.3273,11.8070,10.6225,3.4638,2.9978,64.5069,0.9082,177,1.1555,0.8655,0.9506
178,RoiMask_0_STL22_MAX_Maria_AFA4007_8-1.tif:0178-0001-0106:c:1/2 t:178/241 - 1 - Position 8.Project Maximum Z,7.9739,6.2968,11.6355,6.2968,11.6355,10.3114,3.4214,2.9674,63.0580,0.9424,178,1.1530,0.8673,0.9627
179,RoiMask_0_STL22_MAX_Maria_AFA4007_8-1.tif:0179-0001-0105:c:1/2 t:179/241 - 1 - Position 8.Project Maximum Z,8.0949,6.3327,11.5501,6.3327,11.5501,10.5581,3.5365,2.9144,64.2840,0.9125,179,1.2134,0.8241,0.9530
180,RoiMask_0_STL22_MAX_Maria_AFA4007_8-1.tif:0180-0001-0105:c:1/2 t:180/241 - 1 - Position 8.Project Maximum Z,7.5867,6.2982,11.5390,6.2982,11.5390,10.3114,3.4101,2.8327,64.6880,0.8967,180,1.2039,0.8307,0.9493
181,RoiMask_0_STL22_MAX_Maria_AFA4007_8-1.tif:0181-0001-0104:c:1/2 t:181/241 - 1 - Position 8.Project Maximum Z,8.1917,6.2672,11.4835,6.2672,11.4835,10.6225,3.5453,2.9419,67.5001,0.9123,181,1.2051,0.8298,0.9542
182,RoiMask_0_STL22_MAX_Maria_AFA4007_8-1.tif:0182-0001-0106:c:1/2 t:182/241 - 1 - Position 8.Project Maximum Z,8.2159,6.2691,11.6923,6.2691,11.6923,10.5958,3.5461,2.9500,63.1012,0.9196,182,1.2021,0.8319,0.9584
183,RoiMask_0_STL22_MAX_Maria_AFA4007_8-1.tif:0183-0001-0107:c:1/2 t:183/241 - 1 - Position 8.Project Maximum Z,8.0586,6.2868,11.7084,6.2868,11.7084,10.4937,3.5164,2.9179,67.8821,0.9196,183,1.2051,0.8298,0.9548
184,RoiMask_0_STL22_MAX_Maria_AFA4007_8-1.tif:0184-0001-0106:c:1/2 t:184/241 - 1 - Position 8.Project Maximum Z,8.4458,6.3081,11.6204,6.3081,11.6204,10.7514,3.5984,2.9884,68.4000,0.9182,184,1.2041,0.8305,0.9588
185,RoiMask_0_STL22_MAX_Maria_AFA4007_8-1.tif:0185-0001-0106:c:1/2 t:185/241 - 1 - Position 8.Project Maximum Z,7.6351,6.2772,11.6083,6.2772,11.6083,10.1558,3.4221,2.8408,63.0730,0.9302,185,1.2046,0.8301,0.9626
186,RoiMask_0_STL22_MAX_Maria_AFA4007_8-1.tif:0186-0001-0106:c:1/2 t:186/241 - 1 - Position 8.Project Maximum Z,8.2280,6.3088,11.5879,6.3088,11.5879,10.6492,3.5258,2.9713,64.2181,0.9117,186,1.1866,0.8427,0.9517
187,RoiMask_0_STL22_MAX_Maria_AFA4007_8-1.tif:0187-0001-0105:c:1/2 t:187/241 - 1 - Position 8.Project Maximum Z,8.0707,6.3102,11.5766,6.3102,11.5766,10.5314,3.5532,2.8920,62.4264,0.9144,187,1.2286,0.8139,0.9570
188,RoiMask_0_STL22_MAX_Maria_AFA4007_8-1.tif:0188-0001-0106:c:1/2 t:188/241 - 1 - Position 8.Project Maximum Z,7.4657,6.2551,11.7104,6.2551,11.7104,10.1558,3.3817,2.8109,58.2427,0.9096,188,1.2031,0.8312,0.9529
189,RoiMask_0_STL22_MAX_Maria_AFA4007_8-1.tif:0189-0001-0105:c:1/2 t:189/241 - 1 - Position 8.Project Maximum Z,7.9134,6.2542,11.5609,6.2542,11.5609,10.5314,3.5473,2.8404,64.2588,0.8966,189,1.2489,0.8007,0.9547
190,RoiMask_0_STL22_MAX_Maria_AFA4007_8-1.tif:0190-0001-0105:c:1/2 t:190/241 - 1 - Position 8.Project Maximum Z,7.9618,6.2591,11.6129,6.2591,11.6129,10.4292,3.4814,2.9119,60.0789,0.9198,190,1.1956,0.8364,0.9550
191,RoiMask_0_STL22_MAX_Maria_AFA4007_8-1.tif:0191-0001-0105:c:1/2 t:191/241 - 1 - Position 8.Project Maximum Z,7.8529,6.3362,11.5406,6.3362,11.5406,10.4670,3.4696,2.8818,71.9793,0.9007,191,1.2040,0.8306,0.9537
192,RoiMask_0_STL22_MAX_Maria_AFA4007_8-1.tif:0192-0001-0105:c:1/2 t:192/241 - 1 - Position 8.Project Maximum Z,7.7924,6.3048,11.5245,6.3048,11.5245,10.2847,3.4246,2.8972,69.4710,0.9258,192,1.1820,0.8460,0.9598
193,RoiMask_0_STL22_MAX_Maria_AFA4007_8-1.tif:0193-0001-0105:c:1/2 t:193/241 - 1 - Position 8.Project Maximum Z,8.3974,6.3049,11.6294,6.3049,11.6294,10.8692,3.5435,3.0173,70.7170,0.8932,193,1.1744,0.8515,0.9474
194,RoiMask_0_STL22_MAX_Maria_AFA4007_8-1.tif:0194-0001-0106:c:1/2 t:194/241 - 1 - Position 8.Project Maximum Z,7.5262,6.2863,11.5886,6.2863,11.5886,10.1558,3.3986,2.8196,67.5692,0.9170,194,1.2054,0.8296,0.9562
195,RoiMask_0_STL22_MAX_Maria_AFA4007_8-1.tif:0195-0001-0107:c:1/2 t:195/241 - 1 - Position 8.Project Maximum Z,8.5063,6.2618,11.7407,6.2618,11.7407,10.9070,3.5718,3.0323,68.9339,0.8985,195,1.1779,0.8490,0.9526
196,RoiMask_0_STL22_MAX_Maria_AFA4007_8-1.tif:0196-0001-0105:c:1/2 t:196/241 - 1 - Position 8.Project Maximum Z,8.4579,6.2514,11.5893,6.2514,11.5893,10.6603,3.6173,2.9771,60.4380,0.9353,196,1.2151,0.8230,0.9655
197,RoiMask_0_STL22_MAX_Maria_AFA4007_8-1.tif:0197-0001-0105:c:1/2 t:197/241 - 1 - Position 8.Project Maximum Z,7.9739,6.3081,11.5452,6.3081,11.5452,10.3114,3.5147,2.8886,62.9906,0.9424,197,1.2167,0.8219,0.9649
198,RoiMask_0_STL22_MAX_Maria_AFA4007_8-1.tif:0198-0001-0105:c:1/2 t:198/241 - 1 - Position 8.Project Maximum Z,8.3853,6.3009,11.5726,6.3009,11.5726,10.6870,3.5406,3.0155,62.4589,0.9226,198,1.1742,0.8517,0.9552
199,RoiMask_0_STL22_MAX_Maria_AFA4007_8-1.tif:0199-0001-0105:c:1/2 t:199/241 - 1 - Position 8.Project Maximum Z,7.9860,6.2620,11.5815,6.2620,11.5815,10.4403,3.5724,2.8463,75.1822,0.9207,199,1.2551,0.7967,0.9642
200,RoiMask_0_STL22_MAX_Maria_AFA4007_8-1.tif:0200-0001-0105:c:1/2 t:200/241 - 1 - Position 8.Project Maximum Z,8.0465,6.2841,11.5645,6.2841,11.5645,10.5047,3.5233,2.9078,67.4369,0.9163,200,1.2117,0.8253,0.9596
201,RoiMask_0_STL22_MAX_Maria_AFA4007_8-1.tif:0201-0001-0106:c:1/2 t:201/241 - 1 - Position 8.Project Maximum Z,8.1796,6.2907,11.6009,6.2907,11.6009,10.5581,3.4467,3.0216,65.5243,0.9221,201,1.1407,0.8767,0.9582
202,RoiMask_0_STL22_MAX_Maria_AFA4007_8-1.tif:0202-0001-0106:c:1/2 t:202/241 - 1 - Position 8.Project Maximum Z,7.7440,6.2920,11.6114,6.2920,11.6114,10.3381,3.3386,2.9533,61.1310,0.9105,202,1.1305,0.8846,0.9510
203,RoiMask_0_STL22_MAX_Maria_AFA4007_8-1.tif:0203-0001-0106:c:1/2 t:203/241 - 1 - Position 8.Project Maximum Z,7.7682,6.2976,11.7078,6.2976,11.7078,10.2847,3.3111,2.9871,73.6783,0.9229,203,1.1085,0.9022,0.9575
204,RoiMask_0_STL22_MAX_Maria_AFA4007_8-1.tif:0204-0001-0106:c:1/2 t:204/241 - 1 - Position 8.Project Maximum Z,8.1675,6.2520,11.6387,6.2520,11.6387,10.7781,3.5076,2.9647,58.4935,0.8835,204,1.1831,0.8452,0.9454
205,RoiMask_0_STL22_MAX_Maria_AFA4007_8-1.tif:0205-0001-0105:c:1/2 t:205/241 - 1 - Position 8.Project Maximum Z,7.7924,6.2736,11.5883,6.2736,11.5883,10.5314,3.4845,2.8473,68.5792,0.8829,205,1.2238,0.8171,0.9485
206,RoiMask_0_STL22_MAX_Maria_AFA4007_8-1.tif:0206-0001-0105:c:1/2 t:206/241 - 1 - Position 8.Project Maximum Z,8.1070,6.2821,11.5354,6.2821,11.5354,10.6492,3.5932,2.8727,56.3111,0.8983,206,1.2508,0.7995,0.9517
207,RoiMask_0_STL22_MAX_Maria_AFA4007_8-1.tif:0207-0001-0105:c:1/2 t:207/241 - 1 - Position 8.Project Maximum Z,8.6878,6.3129,11.5062,6.3129,11.5062,11.1003,3.7009,2.9889,62.6322,0.8860,207,1.2382,0.8076,0.9516
208,RoiMask_0_STL22_MAX_Maria_AFA4007_8-1.tif:0208-0001-0104:c:1/2 t:208/241 - 1 - Position 8.Project Maximum Z,7.7924,6.2929,11.5102,6.2929,11.5102,10.5314,3.4902,2.8427,63.9734,0.8829,208,1.2278,0.8145,0.9450
209,RoiMask_0_STL22_MAX_Maria_AFA4007_8-1.tif:0209-0001-0105:c:1/2 t:209/241 - 1 - Position 8.Project Maximum Z,7.2479,6.2317,11.6408,6.2317,11.6408,10.0914,3.3592,2.7472,71.0769,0.8944,209,1.2228,0.8178,0.9448
210,RoiMask_0_STL22_MAX_Maria_AFA4007_8-1.tif:0210-0001-0106:c:1/2 t:210/241 - 1 - Position 8.Project Maximum Z,7.3447,6.2763,11.6242,6.2763,11.6242,10.0914,3.2501,2.8773,78.6748,0.9063,210,1.1296,0.8853,0.9514
211,RoiMask_0_STL22_MAX_Maria_AFA4007_8-1.tif:0211-0001-0106:c:1/2 t:211/241 - 1 - Position 8.Project Maximum Z,7.1269,6.2337,11.6554,6.2337,11.6554,9.8447,3.1790,2.8544,74.9404,0.9241,211,1.1137,0.8979,0.9585
212,RoiMask_0_STL22_MAX_Maria_AFA4007_8-1.tif:0212-0001-0105:c:1/2 t:212/241 - 1 - Position 8.Project Maximum Z,6.8123,6.2189,11.5472,6.2189,11.5472,9.7158,3.1092,2.7897,55.7166,0.9069,212,1.1145,0.8972,0.9462
213,RoiMask_0_STL22_MAX_Maria_AFA4007_8-1.tif:0213-0001-0105:c:1/2 t:213/241 - 1 - Position 8.Project Maximum Z,6.4735,6.2777,11.5491,6.2777,11.5491,9.4425,2.8888,2.8532,64.8137,0.9124,213,1.0125,0.9877,0.9511
214,RoiMask_0_STL22_MAX_Maria_AFA4007_8-1.tif:0214-0001-0106:c:1/2 t:214/241 - 1 - Position 8.Project Maximum Z,7.0180,6.1991,11.6983,6.1991,11.6983,9.7803,3.0879,2.8937,78.1628,0.9220,214,1.0671,0.9371,0.9493
215,RoiMask_0_STL22_MAX_Maria_AFA4007_8-1.tif:0215-0001-0106:c:1/2 t:215/241 - 1 - Position 8.Project Maximum Z,7.3205,6.2601,11.6212,6.2601,11.6212,10.1558,3.4004,2.7411,75.6309,0.8919,215,1.2405,0.8061,0.9513
216,RoiMask_0_STL22_MAX_Maria_AFA4007_8-1.tif:0216-0001-0106:c:1/2 t:216/241 - 1 - Position 8.Project Maximum Z,6.7276,6.2595,11.6001,6.2595,11.6001,9.4425,2.9562,2.8976,62.4744,0.9482,216,1.0202,0.9802,0.9636
217,RoiMask_0_STL22_MAX_Maria_AFA4007_8-1.tif:0217-0001-0105:c:1/2 t:217/241 - 1 - Position 8.Project Maximum Z,6.6550,6.3126,11.5214,6.3126,11.5214,9.6625,3.3552,2.5254,91.1792,0.8957,217,1.3286,0.7527,0.9507
218,RoiMask_0_STL22_MAX_Maria_AFA4007_8-1.tif:0218-0001-0107:c:1/2 t:218/241 - 1 - Position 8.Project Maximum Z,6.2557,6.2607,11.6865,6.2607,11.6865,9.4692,3.0904,2.5773,44.7957,0.8767,218,1.1991,0.8340,0.9478
219,RoiMask_0_STL22_MAX_Maria_AFA4007_8-1.tif:0219-0001-0107:c:1/2 t:219/241 - 1 - Position 8.Project Maximum Z,6.5461,6.2982,11.7420,6.2982,11.7420,9.4425,3.0721,2.7130,81.9055,0.9226,219,1.1324,0.8831,0.9533
220,RoiMask_0_STL22_MAX_Maria_AFA4007_8-1.tif:0220-0001-0105:c:1/2 t:220/241 - 1 - Position 8.Project Maximum Z,6.7155,6.3210,11.5802,6.3210,11.5802,9.5713,3.2950,2.5949,88.8964,0.9212,220,1.2698,0.7875,0.9619
221,RoiMask_0_STL22_MAX_Maria_AFA4007_8-1.tif:0221-0001-0105:c:1/2 t:221/241 - 1 - Position 8.Project Maximum Z,7.2721,6.3305,11.5689,6.3305,11.5689,10.4670,3.6608,2.5293,69.5682,0.8341,221,1.4474,0.6909,0.9296
222,RoiMask_0_STL22_MAX_Maria_AFA4007_8-1.tif:0222-0001-0105:c:1/2 t:222/241 - 1 - Position 8.Project Maximum Z,6.2920,6.2228,11.5716,6.2228,11.5716,9.4958,3.0878,2.5945,84.2877,0.8769,222,1.1902,0.8402,0.9369
223,RoiMask_0_STL22_MAX_Maria_AFA4007_8-1.tif:0223-0001-0107:c:1/2 t:223/241 - 1 - Position 8.Project Maximum Z,7.0785,6.2870,11.6746,6.2870,11.6746,10.2203,3.4897,2.5826,68.1594,0.8516,223,1.3512,0.7401,0.9383
224,RoiMask_0_STL22_MAX_Maria_AFA4007_8-1.tif:0224-0001-0107:c:1/2 t:224/241 - 1 - Position 8.Project Maximum Z,6.3888,6.1400,11.7702,6.1400,11.7702,9.3136,2.9992,2.7122,99.0417,0.9255,224,1.1058,0.9043,0.9557
225,RoiMask_0_STL22_MAX_Maria_AFA4007_8-1.tif:0225-0001-0106:c:1/2 t:225/241 - 1 - Position 8.Project Maximum Z,7.4415,6.0098,11.6088,6.0098,11.6088,10.0758,3.5267,2.6866,73.1502,0.9211,225,1.3127,0.7618,0.9693
226,RoiMask_0_STL22_MAX_Maria_AFA4007_8-1.tif:0226-0001-0105:c:1/2 t:226/241 - 1 - Position 8.Project Maximum Z,6.8002,6.0107,11.5717,6.0107,11.5717,9.8180,3.3252,2.6038,73.7127,0.8865,226,1.2770,0.7831,0.9469
227,RoiMask_0_STL22_MAX_Maria_AFA4007_8-1.tif:0227-0001-0106:c:1/2 t:227/241 - 1 - Position 8.Project Maximum Z,8.1312,5.9939,11.6539,5.9939,11.6539,11.0358,4.1375,2.5022,57.0119,0.8390,227,1.6536,0.6048,0.9525
228,RoiMask_0_STL22_MAX_Maria_AFA4007_8-1.tif:0228-0001-0105:c:1/2 t:228/241 - 1 - Position 8.Project Maximum Z,9.4017,5.9150,11.5942,5.9150,11.5942,12.3070,4.8509,2.4677,51.6095,0.7800,228,1.9657,0.5087,0.9464
229,RoiMask_0_STL22_MAX_Maria_AFA4007_8-1.tif:0229-0001-0105:c:1/2 t:229/241 - 1 - Position 8.Project Maximum Z,9.7405,6.0569,11.5383,6.0569,11.5383,13.5249,5.5053,2.2527,50.3126,0.6692,229,2.4438,0.4092,0.9106
230,RoiMask_0_STL22_MAX_Maria_AFA4007_8-1.tif:0230-0001-0108:c:1/2 t:230/241 - 1 - Position 8.Project Maximum Z,10.1761,6.0539,11.8822,6.0539,11.8822,14.1471,6.0002,2.1594,50.4996,0.6389,230,2.7787,0.3599,0.9053
231,RoiMask_0_STL22_MAX_Maria_AFA4007_8-1.tif:0231-0001-0106:c:1/2 t:231/241 - 1 - Position 8.Project Maximum Z,10.2124,6.1033,11.6096,6.1033,11.6096,14.8338,6.3969,2.0327,52.0521,0.5832,231,3.1471,0.3178,0.8683
232,RoiMask_0_STL22_MAX_Maria_AFA4007_8-1.tif:0232-0001-0092:c:1/2 t:232/241 - 1 - Position 8.Project Maximum Z,4.3681,7.2763,10.1686,7.2763,10.1686,7.8758,2.7643,2.0119,64.7999,0.8849,232,1.3740,0.7278,0.9389
233,RoiMask_0_STL22_MAX_Maria_AFA4007_8-1.tif:0232-0002-0116:c:1/2 t:232/241 - 1 - Position 8.Project Maximum Z,4.4286,5.1279,12.8793,5.1279,12.8793,8.0313,2.9383,1.9190,58.7320,0.8628,232,1.5311,0.6531,0.9506
234,RoiMask_0_STL22_MAX_Maria_AFA4007_8-1.tif:0233-0001-0090:c:1/2 t:233/241 - 1 - Position 8.Project Maximum Z,4.1987,7.3378,9.9601,7.3378,9.9601,7.6024,2.7335,1.9557,68.1501,0.9129,233,1.3977,0.7154,0.9639
235,RoiMask_0_STL22_MAX_Maria_AFA4007_8-1.tif:0233-0002-0117:c:1/2 t:233/241 - 1 - Position 8.Project Maximum Z,4.3076,5.1033,12.9655,5.1033,12.9655,7.7202,2.7278,2.0106,57.7888,0.9082,233,1.3567,0.7371,0.9519
236,RoiMask_0_STL22_MAX_Maria_AFA4007_8-1.tif:0234-0001-0087:c:1/2 t:234/241 - 1 - Position 8.Project Maximum Z,4.4770,7.4532,9.6342,7.4532,9.6342,7.8758,2.7592,2.0659,79.2782,0.9070,234,1.3355,0.7488,0.9487
237,RoiMask_0_STL22_MAX_Maria_AFA4007_8-1.tif:0234-0002-0118:c:1/2 t:234/241 - 1 - Position 8.Project Maximum Z,4.4649,5.0446,13.0290,5.0446,13.0290,7.7847,2.6580,2.1388,66.4556,0.9259,234,1.2428,0.8046,0.9510
238,RoiMask_0_STL22_MAX_Maria_AFA4007_8-1.tif:0235-0001-0085:c:1/2 t:235/241 - 1 - Position 8.Project Maximum Z,4.1745,7.4735,9.3744,7.4735,9.3744,7.5647,2.7317,1.9457,74.6897,0.9167,235,1.4040,0.7123,0.9544
239,RoiMask_0_STL22_MAX_Maria_AFA4007_8-1.tif:0235-0002-0120:c:1/2 t:235/241 - 1 - Position 8.Project Maximum Z,4.0898,4.9601,13.2827,4.9601,13.2827,7.4091,2.4874,2.0935,59.2764,0.9362,235,1.1882,0.8416,0.9521
240,RoiMask_0_STL22_MAX_Maria_AFA4007_8-1.tif:0236-0001-0082:c:1/2 t:236/241 - 1 - Position 8.Project Maximum Z,4.0293,7.5912,9.0519,7.5912,9.0519,7.4358,2.5575,2.0060,76.6439,0.9158,236,1.2749,0.7844,0.9420
241,RoiMask_0_STL22_MAX_Maria_AFA4007_8-1.tif:0236-0002-0121:c:1/2 t:236/241 - 1 - Position 8.Project Maximum Z,4.2229,4.8988,13.4274,4.8988,13.4274,7.7202,2.6441,2.0335,62.7500,0.8904,236,1.3003,0.7691,0.9445
242,RoiMask_0_STL22_MAX_Maria_AFA4007_8-1.tif:0237-0001-0081:c:1/2 t:237/241 - 1 - Position 8.Project Maximum Z,4.3076,7.5526,8.9863,7.5526,8.9863,7.6558,2.5830,2.1233,78.9303,0.9236,237,1.2165,0.8220,0.9468
243,RoiMask_0_STL22_MAX_Maria_AFA4007_8-1.tif:0237-0002-0126:c:1/2 t:237/241 - 1 - Position 8.Project Maximum Z,4.4044,4.6877,13.8534,4.6877,13.8534,7.6558,2.5716,2.1807,58.5024,0.9443,237,1.1792,0.8480,0.9504
244,RoiMask_0_STL22_MAX_Maria_AFA4007_8-1.tif:0238-0001-0081:c:1/2 t:238/241 - 1 - Position 8.Project Maximum Z,4.2834,7.5794,8.9165,7.5794,8.9165,7.6558,2.5311,2.1547,77.6658,0.9184,238,1.1747,0.8513,0.9453
245,RoiMask_0_STL22_MAX_Maria_AFA4007_8-1.tif:0238-0002-0130:c:1/2 t:238/241 - 1 - Position 8.Project Maximum Z,4.2229,4.4947,14.3008,4.4947,14.3008,7.6935,2.7047,1.9880,78.2177,0.8965,238,1.3605,0.7350,0.9523
246,RoiMask_0_STL22_MAX_Maria_AFA4007_8-1.tif:0239-0001-0077:c:1/2 t:239/241 - 1 - Position 8.Project Maximum Z,3.7994,7.5431,8.5201,7.5431,8.5201,7.1247,2.3212,2.0841,99.2499,0.9406,239,1.1138,0.8978,0.9472
247,RoiMask_0_STL22_MAX_Maria_AFA4007_8-1.tif:0239-0002-0134:c:1/2 t:239/241 - 1 - Position 8.Project Maximum Z,4.2229,4.2653,14.8120,4.2653,14.8120,7.6558,2.7858,1.9301,76.6238,0.9054,239,1.4433,0.6928,0.9484
248,RoiMask_0_STL22_MAX_Maria_AFA4007_8-1.tif:0240-0001-0075:c:1/2 t:240/241 - 1 - Position 8.Project Maximum Z,3.6421,7.5686,8.2801,7.5686,8.2801,6.9047,2.2280,2.0813,115.5182,0.9600,240,1.0705,0.9342,0.9510
249,RoiMask_0_STL22_MAX_Maria_AFA4007_8-1.tif:0240-0002-0139:c:1/2 t:240/241 - 1 - Position 8.Project Maximum Z,4.0898,4.0283,15.3362,4.0283,15.3362,7.9669,3.0806,1.6904,64.3254,0.8097,240,1.8224,0.5487,0.9337
250,RoiMask_0_STL22_MAX_Maria_AFA4007_8-1.tif:0241-0001-0066:c:1/2 t:241/241 - 1 - Position 8.Project Maximum Z,4.0898,7.1074,7.3274,7.1074,7.3274,7.5002,2.4836,2.0967,128.5332,0.9136,241,1.1845,0.8442,0.9389
251,RoiMask_0_STL22_MAX_Maria_AFA4007_8-1.tif:0241-0002-0149:c:1/2 t:241/241 - 1 - Position 8.Project Maximum Z,4.7432,3.2321,16.4077,3.2321,16.4077,8.3692,3.1312,1.9287,45.2246,0.8510,241,1.6234,0.6160,0.9367
